{"cameraMode":{"drawMode":0,"name":"Shaded","section":"Shading Mode"},"sceneLighting":true,"audioPlay":false,"sceneViewState":{"showFog":true,"showMaterialUpdate":false,"showSkybox":true,"showFlares":true,"showImageEffects":true,"showParticleSystems":true},"in2DMode":false,"pivot":{"x":16.166667938232423,"y":0.5099296569824219,"z":2.1840381622314455},"rotation":{"x":-0.42169666290283205,"y":0.5740925669670105,"z":-0.4483242630958557,"w":-0.5400000214576721},"size":38.534324645996097,"orthographic":false}